timestamp_utc,event,side,mint,symbol,name,strategy,price_usd,sol_price_usd,liquidity_usd,volume_24h_usd,change_24h_pct,market_cap_usd,pair,dex,cost_lamports,proceeds_lamports,pnl_lamports,reason,safety
2026-09-14T13:47:29.091Z,buy,buy,So11111111111111111111111111111111111111112,SOL,,manual-paper,,,,,,,,,100000000,,0,manual-paper-cleared,
2026-09-14T13:51:11.372Z,buy,buy,RtD743YX86ixJ5iaVCWG5cp4LuySDKxpbMj9yLupump,LOL,,simulator-test,,,,,,,,,100000000,,0,simulator-test-unsafe-override,
2026-09-14T13:51:24.228Z,buy,buy,H74CYmXgMkYHYuSRsZt6RJb4NYp2u72Vw8BS5huApump,LMAO!,,simulator-test,,,,,,,,,100000000,,0,simulator-test-unsafe-override,
2026-09-14T13:51:39.040Z,sell,sell,H74CYmXgMkYHYuSRsZt6RJb4NYp2u72Vw8BS5huApump,LMAO!,,manual-paper,,,,,,,,,,98598949,-1401051,manual-paper,
2026-09-14T13:55:41.809Z,sell,sell,RtD743YX86ixJ5iaVCWG5cp4LuySDKxpbMj9yLupump,LOL,,manual-paper,,,,,,,,,,68902848,-31097152,strict-stop-12pct,
2026-09-14T14:18:06.078Z,buy,buy,2hkhFLWQKUcvUNh7eUkfZVz3rYfxXqFNeVLYMotrzFky,ALICE,Alice,auto-paper,0.0004118,101.82,74948.48,1288648.68,1563,411872,2dSF7bEDi5mYxtk6smwu3Rs2D33g6Urt2raTRHJ83y9U,raydium,100000000,0,0,auto-paper-unsafe-sim,bypassed-for-test
2026-09-14T14:18:36.150Z,buy,buy,5KGs4UpLsbEfHCXEDGWNcYb3WsLUvcBJSGzoTTvkpump,SAILOR,Michael Sailor,auto-paper,0.0002275,101.8,39336.01,347187.29,295,227540,6U9HJU24RZxixDsWR2aUAYUiZM757r6xvYNUGNodSs9v,pumpswap,100000000,0,0,auto-paper-unsafe-sim,bypassed-for-test
2026-09-14T14:22:13.581Z,sell,sell,So11111111111111111111111111111111111111112,SOL,Wrapped SOL,manual-paper,101.68,101.68,31248433.15,38390235.98,1.11,,58oQChx4yWmvKdwLLZzBi4ChoCc2fqCUWBkwMihLYQo2,raydium,100000000,100068891,68891,manual-paper,position-opened
2026-09-14T14:22:17.551Z,buy,buy,DoGEV7LASBkQbibMc5k5vKnTZoMg423GpJ5QtJEGfm7R,DOGE,Dogecoin,auto-paper,0.08406,101.68,141705.27,2980104.47,0.49,260,7s9GwyhHTmszPpzYtLaUDFW3LYfuS6XCnFWrGqUk5X4n,raydium,100000000,0,0,auto-paper-unsafe-sim,bypassed-for-test
2026-09-14T14:31:49.237Z,sell,sell,5KGs4UpLsbEfHCXEDGWNcYb3WsLUvcBJSGzoTTvkpump,SAILOR,Michael Sailor,manual-paper,0.0002851,101.73,44328.43,431102.11,395,282604,6U9HJU24RZxixDsWR2aUAYUiZM757r6xvYNUGNodSs9v,pumpswap,100000000,125318681,25318681,manual-paper,position-opened
2026-09-14T14:31:53.466Z,buy,buy,3qvfFEa3mA7WWARTrkt5Y1GJYu7kK2ksD21QKRwomquw,VIDA,Vida Global CTO,auto-paper,0.0001556,101.73,36852.87,570501.85,5411,155613,FxzWm5spfF9uNS9AE7DQ9eFrjWuoC8kSLtbdPadtZfhw,raydium,100000000,0,0,auto-paper-unsafe-sim,bypassed-for-test
2026-09-14T14:38:20.847Z,sell,sell,2hkhFLWQKUcvUNh7eUkfZVz3rYfxXqFNeVLYMotrzFky,ALICE,Alice,manual-paper,0.0005805,102.0046,89899.56,1301675.84,2244,580541,2dSF7bEDi5mYxtk6smwu3Rs2D33g6Urt2raTRHJ83y9U,raydium,50000000,70483244,20483244,take-profit-20pct,position-opened
2026-09-14T16:20:50.772Z,sell,sell,3qvfFEa3mA7WWARTrkt5Y1GJYu7kK2ksD21QKRwomquw,VIDA,Vida Global CTO,manual-paper,0.000129,102.83,33395.58,601390.54,4471,129070,FxzWm5spfF9uNS9AE7DQ9eFrjWuoC8kSLtbdPadtZfhw,raydium,100000000,82904884,-17095116,strict-stop-12pct,position-opened
2026-09-14T18:32:48.929Z,sell,sell,2hkhFLWQKUcvUNh7eUkfZVz3rYfxXqFNeVLYMotrzFky,ALICE,Alice,manual-paper,0.0003704,103.59,70703.89,1366896.81,1066,370448,2dSF7bEDi5mYxtk6smwu3Rs2D33g6Urt2raTRHJ83y9U,raydium,50000000,44973288,-5026712,breakeven-protect,position-opened
